Workbook

Sheet Test Cases
A1: HW01 – Test Cases: Quạt điện Kakashi B300
A2: Người thực hiện: Lê Tấn Hiệp (23120255) · Nguồn TC: AI = Claude sinh (Prompt #4, đã review); Tự viết = SV tự thiết kế · Ô nền vàng: cập nhật khi chạy lại (incremental)
A4: TC ID | B4: HW | C4: Objective | D4: Kỹ thuật | E4: Chức năng | F4: Precondition | G4: Input / Test data | H4: Steps | I4: Expected | J4: Actual | K4: Verdict | L4: Nguồn | M4: Ngày chạy | N4: Video
A5: TC01 | B5: HW01 | C5: Bật quạt ở số 1 từ trạng thái tắt | D5: EP (lớp tốc độ 1) | E5: F1 | F5: Quạt đặt trên mặt bàn phẳng, khô, đã cắm điện 220V. Phím ở 0, xoay tắt, đầu quạt hướng thẳng. Phòng không bật quạt/điều hòa khác. | G5: Phím 1 | H5: 1. Nhấn phím 1 2. Quan sát cánh trong 10 s | I5: Phím 1 giữ ở trạng thái nhấn. Cánh bắt đầu quay trong <= 3 s và đạt tốc độ ổn định. Không có tiếng lạ. | J5: Phím 1 giữ ở trạng thái nhấn. Cánh bắt đầu quay trong <= 2.6s và đạt tốc độ ổn định. Không có tiếng lạ. | K5: Pass | L5: AI | M5: 29/09/2026 | N5: https://youtube.com/shorts/hYVlc8Ss0AA
A6: TC02 | B6: HW01 | C6: Bật quạt ở số 3 từ trạng thái tắt | D6: EP (lớp tốc độ 3) | E6: F1 | F6: Quạt đặt trên mặt bàn phẳng, khô, đã cắm điện 220V. Phím ở 0, xoay tắt, đầu quạt hướng thẳng. Phòng không bật quạt/điều hòa khác. | G6: Phím 3 | H6: 1. Nhấn phím 3 2. Quan sát 10 s | I6: Phím 3 giữ. Cánh quay mạnh nhất. Quạt không rung lắc bất thường. | J6: Phím 3 giữ. Cánh quay mạnh nhất. Quạt không rung lắc bất thường. | K6: Pass | L6: AI
A7: TC03 | B7: HW01 | C7: Tắt quạt bằng phím 0 khi đang chạy tối đa | D7: State transition (3 → 0) | E7: F1 | F7: Quạt đang ở số 3 >= 30 s | G7: Phím 0 | H7: 1. Nhấn phím 0 2. Bấm giờ từ lúc nhấn đến khi cánh dừng hẳn | I7: Phím 3 bật lên. Motor ngắt điện ngay. Cánh quay chậm dần rồi dừng hoàn toàn, không quay ngược, không có tiếng va chạm. Ghi lại thời gian dừng (s). | J7: Phím 3 bật lên. Motor ngắt điện ngay. Cánh quay chậm dần rồi dừng hoàn toàn, không quay ngược, không có tiếng va chạm. Dừng hẳn sau 6s | K7: Pass | L7: AI
A8: TC04 | B8: HW01 | C8: Tốc độ tăng dần đúng thứ tự 1 < 2 < 3 | D8: State transition (1 → 2 → 3) | E8: F1 | F8: Quạt đặt trên mặt bàn phẳng, khô, đã cắm điện 220V. Phím ở 0, xoay tắt, đầu quạt hướng thẳng. Phòng không bật quạt/điều hòa khác. App đo dB sẵn sàng. | G8: Phím 1, 2, 3 (mỗi mức giữ 15 s) | H8: 1. Nhấn 1, chờ 15 s, ghi dB và góc lệch dải giấy 2. Nhấn 2, lặp lại 3. Nhấn 3, lặp lại | I8: Cả dB và góc lệch dải giấy tăng dần theo thứ tự số 1 < số 2 < số 3. Mỗi lần chuyển số, chỉ phím mới được giữ. | J8: Dải trống trông càng cố bay cao hơn với mỗi số tăng, dB tăng lần lượt theo: 90dB < 92dB < 95dB | K8: Pass | L8: AI
A9: TC05 | B9: HW01 | C9: Chuyển trực tiếp từ số 3 xuống số 1 | D9: State transition (3 → 1) | E9: F1 | F9: Quạt ở số 3 >= 15 s | G9: Phím 1 | H9: 1. Nhấn phím 1 2. Quan sát 15 s | I9: Phím 3 bật lên, phím 1 giữ. Cánh giảm tốc về mức số 1 (bằng TC01), không dừng hẳn giữa chừng. | J9: Phím 3 bật lên, phím 1 giữ. Cánh giảm tốc về mức số 1 chứ không dừng hẳn giữa chừng. | K9: Pass | L9: AI
A10: TC06 | B10: HW01 | C10: Bật chế độ xoay khi quạt đang chạy | D10: Decision table (tốc độ = 1, xoay = Bật) | E10: F2 | F10: Quạt ở số 1, xoay tắt, đã dán mốc biên | G10: Núm xoay: bật | H10: 1. Bật núm xoay 2. Bấm giờ 3 chu kỳ liên tiếp 3. Quan sát 2 biên | I10: Đầu quạt xoay qua lại đều giữa 2 biên. Thời gian các chu kỳ gần bằng nhau (chênh <= 10%). Không giật, không kẹt tại biên. | J10: Đầu quạt xoay qua lại đều giữa 2 biên. Thời gian các chu kỳ gần bằng nhau (đều khoảng 10s). Không giật, không kẹt tại biên. | K10: Pass | L10: AI
A11: TC07 | B11: HW01 | C11: Tắt xoay giữa hành trình | D11: State transition (Xoay → Dừng xoay) | E11: F2 | F11: Quạt số 2, đang xoay, đầu quạt ở khoảng giữa 2 biên | G11: Núm xoay: tắt | H11: 1. Tắt núm xoay khi đầu quạt ở giữa hành trình 2. Quan sát 10 s | I11: Đầu quạt dừng tại vị trí hiện tại (hoặc chỉ trôi rất ít), cánh vẫn quay số 2 bình thường. | J11: Đầu quạt dừng ngay tại vị trí hiện tại, cánh vẫn quay số 2 bình thường. | K11: Pass | L11: AI
A12: TC08 | B12: HW01 | C12: Bật núm xoay khi quạt đang tắt | D12: Decision table (tốc độ = 0, xoay = Bật) | E12: F3 | F12: Quạt đặt trên mặt bàn phẳng, khô, đã cắm điện 220V. Phím ở 0, xoay tắt, đầu quạt hướng thẳng. Phòng không bật quạt/điều hòa khác. | G12: Núm xoay: bật; phím 0 | H12: 1. Bật núm xoay 2. Quan sát 10 s 3. Nhấn phím 1 và quan sát tiếp | I12: Bước 2: đầu quạt không xoay, cánh không quay. Bước 3: cánh quay và đầu quạt bắt đầu xoay (theo F3). | J12: Sau khi bật núm xoay và quan sát, thì cánh và đầu quạt không quay, sau khi nhấn phím 1 và quan sát thì cánh quay và đầu quạt bắt đầu xoay | K12: Pass | L12: AI | M12: 29/09/2026 | N12: https://youtube.com/shorts/oNhAVh2MhJg
A13: TC09 | B13: HW01 | C13: Mất điện khi đang chạy và có điện trở lại | D13: Error guessing / State transition | E13: F1, F4 | F13: Quạt số 2, xoay bật | G13: Rút phích cắm, chờ 10 s, cắm lại | H13: 1. Rút phích 2. Chờ cánh dừng hẳn 3. Cắm lại phích | I13: Bước 2: quạt dừng. Bước 3: vì phím cơ vẫn giữ số 2, quạt tự chạy lại ở số 2 và vẫn xoay ngay khi có điện. | J13: Lúc rút ra thì cánh quạt bắt đầu dừng, rồi dừng hẳn sau đó, khi cắm lại thì quạt bắt đầu chạy lại ngay khi cắm | K13: Pass | L13: AI
A14: TC10 | B14: HW01 | C14: Nhấn lại phím đang được chọn / nhấn 0 khi đã tắt | D14: EP (thao tác thừa) | E14: F1 | F14: a) Quạt ở số 2; b) Quạt đang tắt | G14: a) Phím 2; b) Phím 0 | H14: 1. (a) Nhấn lại phím 2, quan sát 5 s 2. (b) Chuyển về trạng thái tắt, nhấn lại phím 0, quan sát 5 s | I14: (a) Quạt tiếp tục chạy số 2, không bị tắt hay đổi số. (b) Quạt vẫn tắt, không có phím nào bị kẹt. | J14: (a) Quạt vẫn chạy số 2, không bị tắt hay đổi số (b) Quạt vẫn giữ trạng thái tắt | K14: Pass | L14: AI
A15: TC11 | B15: HW01 | C15: Ấn phím số 1 và phím số 2 cùng lúc rồi thả ra cùng lúc | D15: Error guessing + EP (input không hợp lệ: nhiều phím) | E15: F1 | F15: Quạt đặt trên mặt bàn phẳng, khô, đã cắm điện 220V. Phím ở 0, xoay tắt, đầu quạt hướng thẳng. Phòng không bật quạt/điều hòa khác. | G15: Phím 1 và phím 2 | H15: 1. Nhấn phím 1 và phím 2 (dưới 0.5s) rồi thả ra 2. Quan sát 10 s | I15: Quạt quay nhẹ, sau khi thả ra thì quạt dừng lại, các phím đều về trạng thái ban đầu | J15: Ngay lúc ấn thì quạt quay nhẹ, sau khi thả ra thì quạt dừng lại, các phím đều về trạng thái ban đầu | K15: Pass | L15: Tự viết (edge case)
A16: TC12 | B16: HW01 | C16: Ấn một lúc 2 phím khác khi quạt đang chạy | D16: Error guessing + EP (input không hợp lệ: nhiều phím) | E16: F1 | F16: Quạt ở số 1, xoay tắt | G16: Phím 2 và phím 3 | H16: 1. Nhấn phím 2 và phím 3 (dưới 0.5s) 2. Quan sát 10 s | I16: Tất cả các phím đều tắt, quạt ngừng quay | J16: Phím 1 bị nảy lên (tắt), phím 2 và phím 3 cũng trở về trạng thái ban đầu, quạt bắt đầu ngừng quay | K16: Pass | L16: Tự viết (edge case)
A17: TC13 | B17: HW01 | C17: Ấn và giữ phím số 1 và phím số 2 cùng lúc, sau đó thả ra cùng lúc | D17: Error guessing + EP (input không hợp lệ: nhiều phím) | E17: F1 | F17: Quạt đặt trên mặt bàn phẳng, khô, đã cắm điện 220V. Phím ở 0, xoay tắt, đầu quạt hướng thẳng. Phòng không bật quạt/điều hòa khác. | G17: Phím 1 và phím 2 | H17: 1. Nhấn và giữ phím 1 và phím 2 cùng lúc 2. Giữ nguyên và quan sát trong 10s 3. Thả ra và quan sát trong 10s | I17: Lúc nhấn và giữ phím thì quạt chạy, thả ra thì các phím về trạng thái ban đầu, quạt ngừng quay | J17: Ngay lúc nhấn và giữ phím thì quạt chạy, sau khi thả ra thì quạt ngừng chạy, các phím cũng về vị trí ban đầu | K17: Pass | L17: Tự viết (edge case) | M17: 29/09/2026 | N17: https://youtube.com/shorts/A_vSgwTg9FM
A18: TC14 | B18: HW01 | C18: Ấn và giữ phím số 2 và phím số 3 cùng lúc, sau đó thả ra cùng lúc | D18: Error guessing + EP (input không hợp lệ: nhiều phím) | E18: F1 | F18: Quạt đặt trên mặt bàn phẳng, khô, đã cắm điện 220V. Phím ở 0, xoay tắt, đầu quạt hướng thẳng. Phòng không bật quạt/điều hòa khác. | G18: Phím 2 và phím 3 | H18: 1. Nhấn và giữ phím 2 và phím 3 cùng lúc 2. Giữ nguyên và quan sát trong 10s 3. Thả ra và quan sát trong 10s | I18: Lúc nhấn và giữ phím thì quạt chạy, thả ra thì các phím về trạng thái ban đầu, quạt ngừng quay | J18: Ngay lúc nhấn và giữ phím thì quạt chạy, sau khi thả ra thì quạt vẫn tiếp tục chạy, cả 2 phím 2 và 3 đều ở trạng thái bật | K18: Fail | L18: Tự viết (edge case) | M18: 29/09/2026 | N18: https://youtube.com/shorts/N6g_rdBOvq8
A19: TC15 | B19: HW01 | C19: Quạt duy trì hoạt động dù bị tác động nhẹ ở dây nguồn | D19: Error guessing (lỗi phần cứng / môi trường) | E19: F4 | F19: Quạt ở số 1, xoay tắt | G19: Dây điện của quạt | H19: 1. Quan sát ổ cắm ban đầu 5s 2. Đụng dây điện rồi quan sát quạt 3. Quan sát lại ổ cắm | I19: Ban đầu quạt chạy bình thường, ổ cắm cũng bình thường, sau khi đụng dây điện nhẹ thì quạt vẫn chạy, nhìn lại ổ cắm vẫn trong ổ bình thường. | J19: Ban đầu quạt chạy bình thường, ổ cắm cũng bình thường, sau khi đụng dây điện nhẹ thì quạt tắt, nhìn lại ổ cắm vẫn trong ổ bình thường. | K19: Fail | L19: Tự viết (edge case) | M19: 29/09/2026 | N19: https://youtube.com/shorts/5e5LxFaJfJ0

Sheet Checklist
A1: HW01 – Checklist kiểm tra nhanh: Quạt điện Kakashi B300
A2: Trạng thái lấy tự động từ Verdict của TC tham chiếu (sheet Test Cases). Mục không có TC tham chiếu = Not Run (ngoài phạm vi HW01).
A4: # | B4: Nhóm | C4: Mục kiểm tra | D4: TC tham chiếu | E4: Trạng thái | F4: Ghi chú
A5: 1 | B5: Chức năng tốc độ | C5: Phím 1 bật quạt, cánh quay trong <= 3 s | D5: TC01 | E5: =IF(D5="","Not Run",IFERROR(INDEX('Test Cases'!$K:$K,MATCH(D5,'Test Cases'!$A:$A,0)),"Not Run")) -> Pass
A6: 2 | B6: Chức năng tốc độ | C6: Phím 3 cho gió mạnh nhất, không rung lắc | D6: TC02 | E6: =IF(D6="","Not Run",IFERROR(INDEX('Test Cases'!$K:$K,MATCH(D6,'Test Cases'!$A:$A,0)),"Not Run")) -> Pass
A7: 3 | B7: Chức năng tốc độ | C7: Tốc độ tăng đúng thứ tự 1 < 2 < 3 | D7: TC04 | E7: =IF(D7="","Not Run",IFERROR(INDEX('Test Cases'!$K:$K,MATCH(D7,'Test Cases'!$A:$A,0)),"Not Run")) -> Pass | F7: Đo bằng app dB
A8: 4 | B8: Chức năng tốc độ | C8: Chuyển số không liền kề (3 → 1) hoạt động đúng | D8: TC05 | E8: =IF(D8="","Not Run",IFERROR(INDEX('Test Cases'!$K:$K,MATCH(D8,'Test Cases'!$A:$A,0)),"Not Run")) -> Pass
A9: 5 | B9: Chức năng tốc độ | C9: Phím 0 tắt quạt, cánh dừng hẳn | D9: TC03 | E9: =IF(D9="","Not Run",IFERROR(INDEX('Test Cases'!$K:$K,MATCH(D9,'Test Cases'!$A:$A,0)),"Not Run")) -> Pass | F9: Dừng sau 6 s
A10: 6 | B10: Chức năng tốc độ | C10: Nhấn thừa (lặp phím, nhấn 0 khi đã tắt) không gây lỗi | D10: TC10 | E10: =IF(D10="","Not Run",IFERROR(INDEX('Test Cases'!$K:$K,MATCH(D10,'Test Cases'!$A:$A,0)),"Not Run")) -> Pass
A11: 7 | B11: Chế độ xoay | C11: Bật xoay khi đang chạy: xoay đều, không kẹt biên | D11: TC06 | E11: =IF(D11="","Not Run",IFERROR(INDEX('Test Cases'!$K:$K,MATCH(D11,'Test Cases'!$A:$A,0)),"Not Run")) -> Pass
A12: 8 | B12: Chế độ xoay | C12: Tắt xoay giữa hành trình: đầu quạt dừng tại chỗ | D12: TC07 | E12: =IF(D12="","Not Run",IFERROR(INDEX('Test Cases'!$K:$K,MATCH(D12,'Test Cases'!$A:$A,0)),"Not Run")) -> Pass
A13: 9 | B13: Chế độ xoay | C13: Xoay chỉ hoạt động khi cánh quay | D13: TC08 | E13: =IF(D13="","Not Run",IFERROR(INDEX('Test Cases'!$K:$K,MATCH(D13,'Test Cases'!$A:$A,0)),"Not Run")) -> Pass
A14: 10 | B14: Khóa liên động phím | C14: Nhấn nhanh 2 phím (1+2) cùng lúc: không kẹt phím | D14: TC11 | E14: =IF(D14="","Not Run",IFERROR(INDEX('Test Cases'!$K:$K,MATCH(D14,'Test Cases'!$A:$A,0)),"Not Run")) -> Pass
A15: 11 | B15: Khóa liên động phím | C15: Nhấn 2 phím khi đang chạy: không kẹt phím | D15: TC12 | E15: =IF(D15="","Not Run",IFERROR(INDEX('Test Cases'!$K:$K,MATCH(D15,'Test Cases'!$A:$A,0)),"Not Run")) -> Pass
A16: 12 | B16: Khóa liên động phím | C16: Nhấn giữ 2 phím 1+2 rồi thả: không kẹt phím | D16: TC13 | E16: =IF(D16="","Not Run",IFERROR(INDEX('Test Cases'!$K:$K,MATCH(D16,'Test Cases'!$A:$A,0)),"Not Run")) -> Pass
A17: 13 | B17: Khóa liên động phím | C17: Nhấn giữ 2 phím 2+3 rồi thả: không kẹt phím | D17: TC14 | E17: =IF(D17="","Not Run",IFERROR(INDEX('Test Cases'!$K:$K,MATCH(D17,'Test Cases'!$A:$A,0)),"Not Run")) -> Fail | F17: BUG-01
A18: 14 | B18: Nguồn điện | C18: Mất điện và có điện lại: quạt chạy lại đúng số đang giữ | D18: TC09 | E18: =IF(D18="","Not Run",IFERROR(INDEX('Test Cases'!$K:$K,MATCH(D18,'Test Cases'!$A:$A,0)),"Not Run")) -> Pass
A19: 15 | B19: Nguồn điện | C19: Dây nguồn / phích tiếp xúc ổn định khi bị chạm nhẹ | D19: TC15 | E19: =IF(D19="","Not Run",IFERROR(INDEX('Test Cases'!$K:$K,MATCH(D19,'Test Cases'!$A:$A,0)),"Not Run")) -> Fail | F19: BUG-02
A20: 16 | B20: Độ bền | C20: Chạy liên tục 30 phút ở số 3: không mùi khét, không nóng bất thường | E20: =IF(D20="","Not Run",IFERROR(INDEX('Test Cases'!$K:$K,MATCH(D20,'Test Cases'!$A:$A,0)),"Not Run")) -> Not Run | F20: Không chạy trong HW01 (phòng 39°C, tốn thời gian)
A21: 17 | B21: An toàn | C21: Đế đứng vững, không xê dịch khi chạy số 3 + xoay | E21: =IF(D21="","Not Run",IFERROR(INDEX('Test Cases'!$K:$K,MATCH(D21,'Test Cases'!$A:$A,0)),"Not Run")) -> Not Run | F21: Không chạy trong HW01 (ưu tiên thấp)

Sheet Test Summary Report
A1: HW01 – Test Summary Report
A3: Sản phẩm | B3: Quạt điện Kakashi, model B300 (35W, 220V)
A4: Người kiểm thử | B4: Lê Tấn Hiệp – 23120255
A5: Ngày thực thi | B5: 29/09/2026
A6: Môi trường | B6: Nguồn 220V, phòng ~39°C; đồng hồ bấm giờ, app đo dB
A7: Phạm vi | B7: F1 phím tốc độ, F2 chế độ xoay, F3 xoay phụ thuộc motor, F4 nguồn điện; ngoài phạm vi: chống nước, quá áp
A9: 1. Kết quả thực thi
A10: Chỉ số | B10: Số lượng | C10: Tỉ lệ
A11: Tổng TC thiết kế | B11: =COUNTA('Test Cases'!$A$5:$A$200) -> 15 | C11: =IF($B$11=0,0,B11/$B$11) -> 1
A12: Pass | B12: =COUNTIF('Test Cases'!$K$5:$K$200,"Pass") -> 13 | C12: =IF($B$11=0,0,B12/$B$11) -> 0.86666667
A13: Fail | B13: =COUNTIF('Test Cases'!$K$5:$K$200,"Fail") -> 2 | C13: =IF($B$11=0,0,B13/$B$11) -> 0.13333333
A14: Blocked | B14: =COUNTIF('Test Cases'!$K$5:$K$200,"Blocked") -> 0 | C14: =IF($B$11=0,0,B14/$B$11) -> 0
A15: Not Run | B15: =COUNTA('Test Cases'!$A$5:$A$200)-COUNTIF('Test Cases'!$K$5:$K$200,"Pass")-COUNTIF('Test Cases'!$K$5:$K$200,"Fail")-COUNTIF('Test Cases'!$K$5:$K$200,"Blocked") -> 0 | C15: =IF($B$11=0,0,B15/$B$11) -> 0
A16: Đã thực thi (Pass + Fail) | B16: =B12+B13 -> 15 | C16: =IF($B$11=0,0,B16/$B$11) -> 1
A17: TC nguồn AI (Claude, đã review) | B17: =COUNTIF('Test Cases'!$L$5:$L$200,"AI*") -> 10 | C17: =IF($B$11=0,0,B17/$B$11) -> 0.66666667
A18: TC SV tự viết (edge case) | B18: =COUNTIF('Test Cases'!$L$5:$L$200,"Tự viết*") -> 5 | C18: =IF($B$11=0,0,B18/$B$11) -> 0.33333333
A19: TC có video minh chứng | B19: =COUNTA('Test Cases'!$N$5:$N$200) -> 5 | C19: =IF($B$11=0,0,B19/$B$11) -> 0.33333333
A20: Pass rate (trên số TC đã thực thi) | B20: =IF(B16=0,0,B12/B16) -> 0.86666667
A22: 2. Độ bao phủ theo chức năng
A23: Chức năng | B23: Số TC | C23: Pass | D23: Fail
A24: F1 – Phím tốc độ 0/1/2/3 | B24: =COUNTIF('Test Cases'!$E$5:$E$200,"*F1*") -> 11 | C24: =COUNTIFS('Test Cases'!$E$5:$E$200,"*F1*",'Test Cases'!$K$5:$K$200,"Pass") -> 10 | D24: =COUNTIFS('Test Cases'!$E$5:$E$200,"*F1*",'Test Cases'!$K$5:$K$200,"Fail") -> 1
A25: F2 – Chế độ xoay | B25: =COUNTIF('Test Cases'!$E$5:$E$200,"*F2*") -> 2 | C25: =COUNTIFS('Test Cases'!$E$5:$E$200,"*F2*",'Test Cases'!$K$5:$K$200,"Pass") -> 2 | D25: =COUNTIFS('Test Cases'!$E$5:$E$200,"*F2*",'Test Cases'!$K$5:$K$200,"Fail") -> 0
A26: F3 – Xoay phụ thuộc motor cánh | B26: =COUNTIF('Test Cases'!$E$5:$E$200,"*F3*") -> 1 | C26: =COUNTIFS('Test Cases'!$E$5:$E$200,"*F3*",'Test Cases'!$K$5:$K$200,"Pass") -> 1 | D26: =COUNTIFS('Test Cases'!$E$5:$E$200,"*F3*",'Test Cases'!$K$5:$K$200,"Fail") -> 0
A27: F4 – Nguồn điện 220V | B27: =COUNTIF('Test Cases'!$E$5:$E$200,"*F4*") -> 2 | C27: =COUNTIFS('Test Cases'!$E$5:$E$200,"*F4*",'Test Cases'!$K$5:$K$200,"Pass") -> 1 | D27: =COUNTIFS('Test Cases'!$E$5:$E$200,"*F4*",'Test Cases'!$K$5:$K$200,"Fail") -> 1
A29: 3. Defect phát hiện
A30: Bug ID | B30: TC | C30: Tóm tắt | D30: Severity | E30: Priority | F30: Trạng thái | G30: Mantis
A31: BUG-01 | B31: TC14 | C31: Nhấn giữ đồng thời phím 2 và 3 rồi thả ra: cả hai phím bị kẹt ở trạng thái bật, quạt vẫn chạy | D31: High | E31: High | F31: New | G31: Chưa log (chờ giảng viên xác nhận yêu cầu)
A32: BUG-02 | B32: TC15 | C32: Tác động nhẹ vào dây nguồn khi quạt đang chạy thì quạt tắt, dù phích vẫn cắm trong ổ | D32: High | E32: High | F32: New | G32: Chưa log (chờ giảng viên xác nhận yêu cầu)
A33: Tổng số defect | B33: =COUNTA(A31:A32) -> 2 | C33: Khớp với số TC Fail: | D33: =IF(B33=B13,"Khớp","Kiểm tra lại") -> Khớp
A35: 4. Kết luận
A36: Quạt về các chức năng cơ bản, các trường hợp thông dụng thì vẫn bình thường, ổn định sau khi pass 13/15 Test cases. Nhưng với các trường hợp biên như sử dụng 2 nút cùng 1 lúc thì kết quả không giống như đã dự kiến, và cũng không nhất quán mặc dù thao tác gần như tương đương (TC13, TC14). Quạt có lẽ đã cũ, yếu khi bị lỏng ở phích cắm, mặc dù cắm trong ổ điện bình thường, một va chạm nhỏ với dây điện cũng làm quạt dừng quay mặc dù phích cắm chưa ra khỏi ổ điện.
A38: 5. Lịch sử cập nhật (incremental)
A39: Phiên bản | B39: Ngày | C39: Nội dung thay đổi | D39: Số TC | E39: Pass | F39: Fail
A40: HW01 | B40: 30/09/2026 | C40: Khởi tạo: 15 TC quạt Kakashi B300 (10 AI + 5 SV), 2 defect | D40: =COUNTIF('Test Cases'!$B$5:$B$200,A40) -> 15 | E40: =COUNTIFS('Test Cases'!$B$5:$B$200,A40,'Test Cases'!$K$5:$K$200,"Pass") -> 13 | F40: =COUNTIFS('Test Cases'!$B$5:$B$200,A40,'Test Cases'!$K$5:$K$200,"Fail") -> 2
A41: Các HW sau (HW02+ với EShop SUT): thêm dòng mới ở đây và thêm TC vào sheet Test Cases với cột HW tương ứng.
